windy_id,windy_url,title,root_source_url,stream_url,lat,lng,city,subcountry,country
1742640676,https://windy.com/webcams/1742640676,Longueira: Furnas Beach,https://beachcam.meo.pt/livecams/vila-nova-de-milfontes-furnas-mar/,,37.716330,-8.784260,Longueira,Alentejo,Portugal
1663487990,https://windy.com/webcams/1663487990,Santo Andre: Santo André Beach,https://beachcam.meo.pt/livecams/lagoa-de-santo-andre/,,38.114040,-8.797830,Santo Andre,Alentejo,Portugal
1424817631,https://windy.com/webcams/1424817631,Sines: Praia de São Torpes,https://beachcam.meo.pt/livecams/praia-de-sao-torpes/,https://webcams.windy.com/webcams/stream/1424817631,37.925310,-8.806430,Sines,Alentejo,Portugal
1742640907,https://windy.com/webcams/1742640907,Vila Nova de Milfontes,https://beachcam.meo.pt/livecams/vila-nova-de-milfontes-farol/,,37.719280,-8.789960,Vila Nova de Milfontes,Alentejo,Portugal
1477425015,https://windy.com/webcams/1477425015,Ajuda › West: Praia da Fonte da Telha,https://beachcam.meo.pt/livecams/fonte-da-telha/,,38.571040,-9.195960,Ajuda,Area Metropolitana de Lisboa,Portugal
1470216251,https://windy.com/webcams/1470216251,"Alcabideche: Praia Grande do Rodízio - Lisbon, Portugal",https://beachcam.meo.pt/livecams/praia-grande/,,38.814500,-9.478600,Alcabideche,Area Metropolitana de Lisboa,Portugal
1737560127,https://windy.com/webcams/1737560127,Caparica e Trafaria: Praia da Cova do Vapor,https://beachcam.meo.pt/livecams/costa-de-caparica-sao-joao-cova-do-vapor/,,38.662390,-9.251700,Caparica e Trafaria,Area Metropolitana de Lisboa,Portugal
1521998006,https://windy.com/webcams/1521998006,"Carcavelos e Parede: Parede - Lisboa, Portugal",https://beachcam.meo.pt/livecams/parede/,,38.686390,-9.356310,Carcavelos e Parede,Area Metropolitana de Lisboa,Portugal
1570300014,https://windy.com/webcams/1570300014,"Carcavelos e Parede: Parede - Lisbona, Portogallo: Praia _ das _ Avencas",https://beachcam.meo.pt/livecams/praia-das-avencas/,,38.688000,-9.359730,Carcavelos e Parede,Area Metropolitana de Lisboa,Portugal
1615882831,https://windy.com/webcams/1615882831,Cascais e Estoril,https://beachcam.meo.pt/livecams/cresmina/,,38.726770,-9.475540,Cascais e Estoril,Area Metropolitana de Lisboa,Portugal
1529062701,https://windy.com/webcams/1529062701,"Cascais e Estoril: Cascais - Lisbona, Portogallo: Baía de Cascais",https://beachcam.meo.pt/livecams/praia-do-peixe-baia-de-cascais/,,38.697650,-9.419980,Cascais e Estoril,Area Metropolitana de Lisboa,Portugal
1570298017,https://windy.com/webcams/1570298017,"Cascais e Estoril: Cascais - Lisbona, Portogallo: Praia _ da _ Conceição _ e _ Duquesa",https://beachcam.meo.pt/livecams/praia-da-conceicao-e-duquesa/,,38.701100,-9.414780,Cascais e Estoril,Area Metropolitana de Lisboa,Portugal
1508710271,https://windy.com/webcams/1508710271,"Cascais e Estoril: Cascais - Praia do Guincho, Portugal",http://beachcam.meo.pt/livecams/praia-do-guincho/,,38.729480,-9.474570,Cascais e Estoril,Area Metropolitana de Lisboa,Portugal
1529063027,https://windy.com/webcams/1529063027,"Cascais e Estoril: Praia do Tamariz - Lisbona, Portogallo: Praia do Tamariz",https://beachcam.meo.pt/livecams/tamariz/,,38.703150,-9.398770,Cascais e Estoril,Area Metropolitana de Lisboa,Portugal
1570274285,https://windy.com/webcams/1570274285,"Colares: Lisbona, Portogallo: Praia _ Grande _ Sul",https://beachcam.meo.pt/livecams/praia-grande-sul/,,38.811170,-9.478950,Colares,Area Metropolitana de Lisboa,Portugal
1742641507,https://windy.com/webcams/1742641507,Colares: Praia das Maçãs,https://beachcam.meo.pt/livecams/praia-das-macas/,,38.826510,-9.469700,Colares,Area Metropolitana de Lisboa,Portugal
1508796663,https://windy.com/webcams/1508796663,Costa da Caparica,http://beachcam.meo.pt/livecams/costa-da-caparica/,,38.641530,-9.236860,Costa da Caparica,Area Metropolitana de Lisboa,Portugal
1672153232,https://windy.com/webcams/1672153232,Costa da Caparica,https://beachcam.meo.pt/livecams/costa-da-caparica-praia-nova/,,38.637920,-9.235130,Costa da Caparica,Area Metropolitana de Lisboa,Portugal
1680941757,https://windy.com/webcams/1680941757,Costa da Caparica,https://beachcam.meo.pt/livecams/fonte-da-telha-sul/,,38.562130,-9.190060,Costa da Caparica,Area Metropolitana de Lisboa,Portugal
1552560649,https://windy.com/webcams/1552560649,"Costa da Caparica: Distrito de Setúbal, Portogallo: Costa da Caparica_Riviera",https://beachcam.meo.pt/livecams/costa-da-caparica-riviera/,,38.619270,-9.219410,Costa da Caparica,Area Metropolitana de Lisboa,Portugal
1570301006,https://windy.com/webcams/1570301006,"Oeiras e Sao Juliao da Barra, Paco de Arcos e Caxias: Carcavelos - Lisbona, Portogallo: Carcavelos _ Calhau",https://beachcam.meo.pt/livecams/carcavelos-calhau/,,38.677320,-9.329910,"Oeiras e Sao Juliao da Barra, Paco de Arcos e Caxias",Area Metropolitana de Lisboa,Portugal
1696861682,https://windy.com/webcams/1696861682,"Oeiras e Sao Juliao da Barra, Paco de Arcos e Caxias: Oeiras e Sao Juliao da Barra",https://beachcam.meo.pt/livecams/farol-do-bugio-norte/,,38.660720,-9.299060,"Oeiras e Sao Juliao da Barra, Paco de Arcos e Caxias",Area Metropolitana de Lisboa,Portugal
1696861844,https://windy.com/webcams/1696861844,"Oeiras e Sao Juliao da Barra, Paco de Arcos e Caxias: Oeiras e Sao Juliao da Barra",https://beachcam.meo.pt/livecams/farol-do-bugio-sul/,,38.660290,-9.298750,"Oeiras e Sao Juliao da Barra, Paco de Arcos e Caxias",Area Metropolitana de Lisboa,Portugal
1793868928,https://windy.com/webcams/1793868928,"Oeiras e Sao Juliao da Barra, Paco de Arcos e Caxias: Oeiras e Sao Juliao da Barra › South: Praia de Santo Amaro",https://beachcam.meo.pt/livecams/santo-amaro/,,38.684230,-9.305760,"Oeiras e Sao Juliao da Barra, Paco de Arcos e Caxias",Area Metropolitana de Lisboa,Portugal
1742641249,https://windy.com/webcams/1742641249,Sao Joao das Lampas e Terrugem › West: Praia de São Julião,https://beachcam.meo.pt/livecams/sao-juliao/,,38.930850,-9.419570,Sao Joao das Lampas e Terrugem,Area Metropolitana de Lisboa,Portugal
1570301320,https://windy.com/webcams/1570301320,Lisbon: Praia de Torre - Portogallo: Praia _ da _ Torre,https://beachcam.meo.pt/livecams/praia-da-torre/,,38.676110,-9.323020,unknown,Area Metropolitana de Lisboa,Portugal
1561305034,https://windy.com/webcams/1561305034,"Arrifana: Praia da - Faro, Portogallo: Praia _ da",https://beachcam.meo.pt/livecams/arrifana/,,37.294630,-8.865760,Arrifana,Centro,Portugal
1570136779,https://windy.com/webcams/1570136779,"Esmoriz: Distrito de Aveiro, Portogallo - praia",https://beachcam.meo.pt/livecams/esmoriz/,,40.958510,-8.653960,Esmoriz,Centro,Portugal
1637346177,https://windy.com/webcams/1637346177,Famalicao › North-west,https://beachcam.meo.pt/livecams/nazare-porto-de-abrigo/,,39.586000,-9.073020,Famalicao,Centro,Portugal
1707505561,https://windy.com/webcams/1707505561,Foz do Arelho: Praia da Foz do Arelho,https://beachcam.meo.pt/livecams/foz-do-arelho/,,39.433590,-9.227740,Foz do Arelho,Centro,Portugal
1521111598,https://windy.com/webcams/1521111598,Furadouro: Furadouro Beach,https://beachcam.meo.pt/,,40.873400,-8.675530,Furadouro,Centro,Portugal
1424817063,https://windy.com/webcams/1424817063,Gafanha da Nazare: Barra: Praia da − Porto de,https://beachcam.meo.pt/,,40.632960,-8.748820,Gafanha da Nazare,Centro,Portugal
1648799130,https://windy.com/webcams/1648799130,Nazare,https://beachcam.meo.pt/livecams/nazare-forte-sao-miguel-arcanjo/,,39.604460,-9.085400,Nazare,Centro,Portugal
1399037667,https://windy.com/webcams/1399037667,Nazare: Nazarè praia do norte (LiveHD),https://beachcam.meo.pt/livecams/praia-do-norte/,,39.611060,-9.083060,Nazare,Centro,Portugal
1516663648,https://windy.com/webcams/1516663648,"Nazare: Nazaré - Leiria, Portogallo: Praia da Vila",https://beachcam.meo.pt/livecams/praia-da-nazare/,,39.597000,-9.072790,Nazare,Centro,Portugal
1659876164,https://windy.com/webcams/1659876164,Pataias e Martinganca: Praia de Paredes da Vitória,https://beachcam.meo.pt/livecams/paredes-da-vitoria/,,39.701040,-9.047790,Pataias e Martinganca,Centro,Portugal
1470223404,https://windy.com/webcams/1470223404,"Praia de Mira: Coimbra, Portugal",https://beachcam.meo.pt/livecams/praia-de-mira/,,40.455240,-8.801250,Praia de Mira,Centro,Portugal
1444768930,https://windy.com/webcams/1444768930,Torreira,https://beachcam.meo.pt/livecams/praia-da-torreira/,,40.763420,-8.711810,Torreira,Centro,Portugal
1752830910,https://windy.com/webcams/1752830910,Albufeira e Olhos de Agua: Albufeira: Hotel Sol E Mar,https://albufeira.com/webcam/solemar/,https://webcams.windy.com/webcams/stream/1752830910,37.086640,-8.252080,Albufeira e Olhos de Agua,Faro,Portugal
1465652526,https://windy.com/webcams/1465652526,"Alvor › South: Faro, Portugal",https://beachcam.meo.pt/,,37.123900,-8.599740,Alvor,Faro,Portugal
1670342402,https://windy.com/webcams/1670342402,Armacao de Pera,https://beachcam.meo.pt/livecams/armacao-de-pera/,,37.100770,-8.356950,Armacao de Pera,Faro,Portugal
1752839349,https://windy.com/webcams/1752839349,Bordeira: Praia do Amado,https://beachcam.meo.pt/livecams/praia-do-amado/?,,37.169110,-8.901500,Bordeira,Faro,Portugal
1742819697,https://windy.com/webcams/1742819697,Faro: Ilha do Farol,https://beachcam.meo.pt/livecams/ilha-do-farol-culatra/,,36.974160,-7.864730,Faro,Faro,Portugal
1516367699,https://windy.com/webcams/1516367699,Ferragudo: Praia Grande,https://beachcam.meo.pt/livecams/ferragudo/,,37.117600,-8.520370,Ferragudo,Faro,Portugal
1424819327,https://windy.com/webcams/1424819327,"Luz: Praia da - Faro, Portogallo: Praia da - LiveHD°",https://beachcam.meo.pt/livecams/praia-da-luz/,,37.087280,-8.726720,Luz,Faro,Portugal
1743021286,https://windy.com/webcams/1743021286,Montenegro,https://beachcam.meo.pt/livecams/faro/,,36.999040,-7.980840,Montenegro,Faro,Portugal
1743021358,https://windy.com/webcams/1743021358,Montenegro,https://beachcam.meo.pt/livecams/faro-oeste/,,37.010180,-7.998690,Montenegro,Faro,Portugal
1570401195,https://windy.com/webcams/1570401195,"Porches: Faro, Portogallo: Praia _ Nova",https://beachcam.meo.pt/livecams/senhora-da-rocha-praia-nova/,,37.096220,-8.386440,Porches,Faro,Portugal
1570400523,https://windy.com/webcams/1570400523,"Portimao: Praia da Rocha - Faro, Portogallo: Praia _ da _ Rocha",https://beachcam.meo.pt/livecams/praia-da-rocha/,,37.119030,-8.536890,Portimao,Faro,Portugal
1647793943,https://windy.com/webcams/1647793943,Quarteira,https://surftotal.com/camaras-report/alentejo-algarve/quarteira,,37.071270,-8.102260,Quarteira,Faro,Portugal
1444762905,https://windy.com/webcams/1444762905,Quarteira: Praia da Rocha Baixinha,https://beachcam.meo.pt/livecams/vilamoura/,,37.073980,-8.121230,Quarteira,Faro,Portugal
1383823816,https://windy.com/webcams/1383823816,Sagres › South: Praia do Martinhal,http://www.portugal-webcams.com/,,37.021220,-8.925130,Sagres,Faro,Portugal
1753272739,https://windy.com/webcams/1753272739,Sagres: Mareta Beach Boutique Bed&Breakfast,https://www.sagresholidays.com/pt/webcam,,37.006540,-8.942140,Sagres,Faro,Portugal
1190446582,https://windy.com/webcams/1190446582,"Sagres: Martinhal beach - on the Algarve, Portugal",http://www.portugal-webcams.com/webcams/webcam-sagres.htm,,37.021950,-8.924760,Sagres,Faro,Portugal
1753099420,https://windy.com/webcams/1753099420,Sagres: Ponta da Atalaia,https://beachcam.meo.pt/livecams/sagres/,,37.002900,-8.931540,Sagres,Faro,Portugal
1666375307,https://windy.com/webcams/1666375307,Sao Goncalo de Lagos,https://www.webcamgalore.it/webcam/Portogallo/Lagos/30710.html,,37.085730,-8.687410,Sao Goncalo de Lagos,Faro,Portugal
1444849659,https://windy.com/webcams/1444849659,Sao Goncalo de Lagos: Meia Praia - Portogallo: Duna Beach°,https://beachcam.meo.pt/livecams/meia-praia/,,37.110580,-8.661040,Sao Goncalo de Lagos,Faro,Portugal
1753098874,https://windy.com/webcams/1753098874,Vila do Bispo e Raposeira: Praia da Cordoama,https://beachcam.meo.pt/livecams/cordoama/,,37.109190,-8.935920,Vila do Bispo e Raposeira,Faro,Portugal
1793904950,https://windy.com/webcams/1793904950,"Aldoar, Foz do Douro e Nevogilde: Praia do Carneiro",https://beachcam.meo.pt/livecams/porto-carneiro/,,41.148330,-8.674440,"Aldoar, Foz do Douro e Nevogilde",North,Portugal
1793904949,https://windy.com/webcams/1793904949,"Aldoar, Foz do Douro e Nevogilde: Praia do Homem do Leme",https://beachcam.meo.pt/livecams/porto-homem-do-leme/,,41.159840,-8.685560,"Aldoar, Foz do Douro e Nevogilde",North,Portugal
1650273653,https://windy.com/webcams/1650273653,Apulia e Fao,https://surftotal.com/camaras-report/minho/ofir,,41.516580,-8.787060,Apulia e Fao,North,Portugal
1676971101,https://windy.com/webcams/1676971101,Azurara › West,https://surftotal.com/camaras-report/grande-porto-douro-litoral/praia-da-arvore-areal,,41.332770,-8.740160,Azurara,North,Portugal
1570780240,https://windy.com/webcams/1570780240,"Azurara: Oporto, Portogallo: Praia _ da",https://surftotal.com/camaras-report/grande-porto-douro-litoral/azurara,,41.339880,-8.745480,Azurara,North,Portugal
1672453690,https://windy.com/webcams/1672453690,Darque,https://surftotal.com/camaras-report/minho/viana-pontao-hd,,41.679050,-8.831080,Darque,North,Portugal
1424806131,https://windy.com/webcams/1424806131,"Espinho: Distrito de Aveiro, Portogallo: Praia de - LiveHD°",http://beachcam.meo.pt/livecams/praia-de-espinho/,,41.001860,-8.645880,Espinho,North,Portugal
1662727342,https://windy.com/webcams/1662727342,Matosinhos e Leca da Palmeira,https://surftotal.com/camaras-report/grande-porto-douro-litoral/matosinhos-hd,,41.176070,-8.690100,Matosinhos e Leca da Palmeira,North,Portugal
1541864451,https://windy.com/webcams/1541864451,"Paco: de Arcos - Lisbon, Portugal: Beach",https://beachcam.meo.pt/livecams/paco-de-arcos/,,38.690300,-9.296750,Paco,North,Portugal
1444832771,https://windy.com/webcams/1444832771,Viana do Castelo: Darque,https://surftotal.com/camaras-report/viana-do-castelo-hd,,41.678210,-8.831380,Viana do Castelo,North,Portugal
1649355836,https://windy.com/webcams/1649355836,Vila Praia de Ancora,https://beachcam.meo.pt/livecams/vila-praia-de-ancora/,,41.812960,-8.864110,Vila Praia de Ancora,North,Portugal
1747464182,https://windy.com/webcams/1747464182,Cadiz › South-west: Playa De La Cortadura,https://www.surfcenter.es/spain/webcam-playa-victoria-caracolas/,,36.497020,-6.273850,Cadiz,Andalusia,Spain
1793901967,https://windy.com/webcams/1793901967,Malaga: Club de Tenis Málaga,https://www.clubdetenismalaga.com/camara-en-vivo/,https://webcams.windy.com/webcams/stream/1793901967,36.731110,-4.361390,Malaga,Andalusia,Spain
1689408949,https://windy.com/webcams/1689408949,Velez-Malaga › North-east: Playa de Torre del Mar,https://www.andalucialive.com/2023/01/12/webcam-velez-malaga-1-malaga-playa-torre-del-mar/,https://webcams.windy.com/webcams/stream/1689408949,36.738540,-4.092450,Velez-Malaga,Andalusia,Spain
1793900302,https://windy.com/webcams/1793900302,Gijón › North-west: abba Playa Gijón Hotel,https://www.abbahoteles.com/es/abba-playa-gijon-hotel/webcam,,43.541390,-5.643060,Gijón,Asturias,Spain
1750170467,https://windy.com/webcams/1750170467,Gijón › South-east: Playa de San Lorenzo,https://rtsp.me/embed/Kb6ZRK6F/,https://webcams.windy.com/webcams/stream/1750170467,43.546660,-5.659780,Gijón,Asturias,Spain
1275375807,https://windy.com/webcams/1275375807,Barakaldo: Tráfico en el entorno de Bilbao,http://www.camarasentorno.es/bilbao.html,,43.286410,-3.000250,Barakaldo,Autonomous Community of the Basque Country,Spain
1724527146,https://windy.com/webcams/1724527146,Bilbao › West: A-8,https://www.bizkaimove.eus/camaras/cam14.jpg,,43.248160,-2.936160,Bilbao,Autonomous Community of the Basque Country,Spain
1724527294,https://windy.com/webcams/1724527294,Bilbao › West: A-8,https://www.bizkaimove.eus/camaras/cam12.jpg,,43.274630,-2.971720,Bilbao,Autonomous Community of the Basque Country,Spain
1571283409,https://windy.com/webcams/1571283409,"Portugalete: País Vasco, España",http://212.8.113.121:8081/jpg/image.jpg,http://webcams.windy.com/webcams/stream/1571283409,43.319060,-3.014180,Portugalete,Autonomous Community of the Basque Country,Spain
1462381714,https://windy.com/webcams/1462381714,San Sebastián › North-west: Beach of La Concha - Puerto deportivo - Puerto de San Sebastián - bay of La Concha,https://hlondres.com/webcam/,http://webcams.windy.com/webcams/stream/1462381714,43.317800,-1.985180,San Sebastián,Autonomous Community of the Basque Country,Spain
1562344635,https://windy.com/webcams/1562344635,San Sebastián › North: Beach of La Concha,https://la-perla.net/eu/donostiako-webcam-zuzenean/,https://webcams.windy.com/webcams/stream/1562344635,43.314770,-1.998370,San Sebastián,Autonomous Community of the Basque Country,Spain
1562515414,https://windy.com/webcams/1562515414,San Sebastián: Beach of La Concha,https://www.heliworx.es/img/alaia00126.jpg,,43.318290,-2.011020,San Sebastián,Autonomous Community of the Basque Country,Spain
1668872049,https://windy.com/webcams/1668872049,Algaida › North-east,https://www.avistabaleares.es/camara/?idCam=7,,39.528090,2.925530,Algaida,Balearic Islands,Spain
1636907620,https://windy.com/webcams/1636907620,Calvia › East: Platja de Son Maties - Cala en Balda - Punta Negra,https://travelmouse.co.uk/live-webcam-son-matias-beach-palma-nova-spain/,https://webcams.windy.com/webcams/stream/1636907620,39.514840,2.537520,Calvia,Balearic Islands,Spain
1793901474,https://windy.com/webcams/1793901474,Calvia › East: Puerto de Palma,https://visiona.conectabalear.com/camara-palma/c/46/,,39.566660,2.592590,Calvia,Balearic Islands,Spain
1793901933,https://windy.com/webcams/1793901933,Calvia › South-west: Punta de El Toro,https://visiona.conectabalear.com/camara-punta-de-el-toro/c/62/,,39.477510,2.481860,Calvia,Balearic Islands,Spain
1793901946,https://windy.com/webcams/1793901946,Inca › North-east: Plaça de Toros,https://visiona.conectabalear.com/camara-inca/c/14/,,39.718420,2.903530,Inca,Balearic Islands,Spain
1793876575,https://windy.com/webcams/1793876575,Mao,https://www.avistabaleares.es/camara/?idCam=44,,39.911080,4.290610,Mao,Balearic Islands,Spain
1582741366,https://windy.com/webcams/1582741366,Mao › East: Club Marítimo de Mahón - Illa del Rei,https://www.clubmaritimomahon.com/es/web-cam,https://webcams.windy.com/webcams/stream/1582741366,39.889200,4.275600,Mao,Balearic Islands,Spain
1759928656,https://windy.com/webcams/1759928656,Mao: Club Marítimo de Mahón - Carrer Costa de Cala Figuer - Port of Maó-Mahón,https://www.clubmaritimomahon.com/es/web-cam,https://webcams.windy.com/webcams/stream/1759928656,39.886780,4.275330,Mao,Balearic Islands,Spain
1793901473,https://windy.com/webcams/1793901473,Palma de Mallorca › South-east: Camí na Burguesa,https://visiona.conectabalear.com/camara-bahia-de-palma/c/103/,,39.566490,2.594230,Palma de Mallorca,Balearic Islands,Spain
1793901472,https://windy.com/webcams/1793901472,Palma de Mallorca: Marina Port De Mallorca,https://www.seemallorca.com/webcams/palma-marina,,39.564600,2.627940,Palma de Mallorca,Balearic Islands,Spain
1722330380,https://windy.com/webcams/1722330380,Palma de Mallorca: Platja de Can Pastilla,https://www.mallorcapipeline.com/webcam/v,,39.537120,2.716500,Palma de Mallorca,Balearic Islands,Spain
1714927235,https://windy.com/webcams/1714927235,Palma de Mallorca: Platja de Palma,https://www.bonaona.com/webcam/,,39.534670,2.716860,Palma de Mallorca,Balearic Islands,Spain
1300270691,https://windy.com/webcams/1300270691,Port de Soller: Mallorca - Webcam of the bay of Soller & the Marina,https://www.seemallorca.com/webcams/port-de-soller,,39.792810,2.696460,Port de Soller,Balearic Islands,Spain
1793876574,https://windy.com/webcams/1793876574,Sant Lluis,https://www.avistabaleares.es/camara/?idCam=45,,39.813370,4.279600,Sant Lluis,Balearic Islands,Spain
1793876573,https://windy.com/webcams/1793876573,Sant Lluis › South-east: Cala Torrent,https://www.avistabaleares.es/camara/?idCam=4,,39.816810,4.245170,Sant Lluis,Balearic Islands,Spain
1793868328,https://windy.com/webcams/1793868328,es Mercadal,https://www.avistabaleares.es/camara/?idCam=43,,40.045900,4.102790,es Mercadal,Balearic Islands,Spain
1793901932,https://windy.com/webcams/1793901932,es Mercadal › North,https://visiona.conectabalear.com/camara-santuario-virgen-del-toro/c/50/,,39.984920,4.113170,es Mercadal,Balearic Islands,Spain
1735445177,https://windy.com/webcams/1735445177,es Mercadal: El Toro,https://www.avistabaleares.es/camara/?idCam=5,,39.985100,4.113180,es Mercadal,Balearic Islands,Spain
1713167422,https://windy.com/webcams/1713167422,Ribamontan al Mar,https://www.surfcam.io/,,43.463720,-3.726120,Ribamontan al Mar,Cantabria,Spain
1713348970,https://windy.com/webcams/1713348970,Ribamontan al Mar,https://www.surfcam.io/,,43.457220,-3.694090,Ribamontan al Mar,Cantabria,Spain
1667462060,https://windy.com/webcams/1667462060,Santander › North: Playa de La Concha - Bajos de San Roque - Parque Infantil Primera Playa,https://tiempo.fiochi.com/inc/webcam.php,,43.470850,-3.779650,Santander,Cantabria,Spain
1647901683,https://windy.com/webcams/1647901683,Barcelona,https://www.3cat.cat/3catinfo/el-temps/camera/barcelona-port-olimpic/1/,,41.386890,2.196250,Barcelona,Catalonia,Spain
1450823411,https://windy.com/webcams/1450823411,Barcelona: Port Olímpic,https://www.ccma.cat/el-temps/port-olimpic-barcelona/camera/1/,,41.386750,2.197950,Barcelona,Catalonia,Spain
1477116534,https://windy.com/webcams/1477116534,Castelldefels › East: Surf spot Castelldefels,http://www.portginesta.com/es/surfspot,https://webcams.windy.com/webcams/stream/1477116534,41.261100,1.928070,Castelldefels,Catalonia,Spain
1477116313,https://windy.com/webcams/1477116313,Castelldefels › West: Port Esportiu de la Ginesta - Punta dels Corrals,http://www.portginesta.com/es/webcam,https://webcams.windy.com/webcams/stream/1477116313,41.256080,1.922320,Castelldefels,Catalonia,Spain
1718287213,https://windy.com/webcams/1718287213,Castello d'Empuries: Roses El Nautil | Costa Brava,https://www.whatsupcams.com/en/webcams/Spain/Catalonia/Roses/webcam-roses-el-nautil-costa-brava,,42.262860,3.142190,Castello d'Empuries,Catalonia,Spain
1270812122,https://windy.com/webcams/1270812122,Llanca: Llançà - Port,https://www.cnllanca.cat/ca/informacion-meteorologica.html,,42.372920,3.163200,Llanca,Catalonia,Spain
1613052624,https://windy.com/webcams/1613052624,Roses › East: Platja del Rastell - Badia de Roses - Els Blaus de Roses,https://www.whatsupcams.com/en/webcams/Spain/Catalonia/Roses/live-roses-webcam-costa-brava-beach-view-montecarlo-hotel,,42.261200,3.151690,Roses,Catalonia,Spain
1616681351,https://windy.com/webcams/1616681351,Roses › South: Platja de l’Almadrava beach Live Webcam - Costa Brava - Spain,https://www.whatsupcams.com/en/webcams/Spain/Catalonia/Roses/platja-de-almadrava-beach-live-webcam-roses-costa-brava-spain,,42.240730,3.208010,Roses,Catalonia,Spain
1718287201,https://windy.com/webcams/1718287201,Roses: La Perola beach - Costa Brava,https://www.whatsupcams.com/en/webcams/Spain/Catalonia/Roses/webcam-la-perola-beach-roses,,42.255590,3.177980,Roses,Catalonia,Spain
1600351873,https://windy.com/webcams/1600351873,Roses: Santa Margarida › South: Platja de Santa Margarida - Platja del Salatar - Platja per a gossos - Roses Passage,https://www.whatsupcams.com/en/webcams/Spain/Catalonia/Roses/live-webcam-roses-beach-hotel-montecarlo-roses,,42.261320,3.151650,Roses,Catalonia,Spain
1600352745,https://windy.com/webcams/1600352745,Roses: Santa Rosa de Puig-rom: Port of Roses - Costa Brava - La Perola Beach,https://www.whatsupcams.com/en/webcams/Spain/Catalonia/Roses/port-roses-costa-brava-la-perola-beach-2,,42.254450,3.184360,Roses,Catalonia,Spain
1517768829,https://windy.com/webcams/1517768829,Sant Adria de Besos › South: Port Esportiu de Badalona,https://app.weathercloud.net/d0760832559#profile,,41.437180,2.242200,Sant Adria de Besos,Catalonia,Spain
1701435626,https://windy.com/webcams/1701435626,Sitges › East: Playa Sitges - Sant Bartomeu i Santa Tecla de Sitges - Sitges Beach,https://www.hotelcalipolis.com/#webcam,https://webcams.windy.com/webcams/stream/1701435626,41.235290,1.813950,Sitges,Catalonia,Spain
1602954005,https://windy.com/webcams/1602954005,Subirats,https://meteosantpau.eu/webcam_/camara1.jpg,,41.382710,1.794340,Subirats,Catalonia,Spain
1627566251,https://windy.com/webcams/1627566251,Torredembarra › East,https://es.worldcam.eu/webcams/europe/spain/10908-torredembarra-puerto,https://webcams.windy.com/webcams/stream/1627566251,41.134590,1.402870,Torredembarra,Catalonia,Spain
1374076494,https://windy.com/webcams/1374076494,Torredembarra › East: Platja de la Paella,https://esp.turismetorredembarra.cat/webcams-playas-torredembarra-mnu-81,https://webcams.windy.com/webcams/stream/1374076494,41.139450,1.402610,Torredembarra,Catalonia,Spain
1524405075,https://windy.com/webcams/1524405075,Torroella de Montgri: Cala Montgó,https://canmiquel.com/es/webcam,,42.107840,3.168830,Torroella de Montgri,Catalonia,Spain
1626537881,https://windy.com/webcams/1626537881,Viladamat,http://camara.viladamat.cloudns.cl:85/mjpg/video.mjpg,http://webcams.windy.com/webcams/stream/1626537881,42.143420,3.051110,Viladamat,Catalonia,Spain
1715343359,https://windy.com/webcams/1715343359,Vilanova i la Geltru: Avinguda de Rocacrespa,https://camara.mesacardenas.com/stream.html?src=terraza,,41.223740,1.695990,Vilanova i la Geltru,Catalonia,Spain
1469599813,https://windy.com/webcams/1469599813,el Prat de Llobregat › South: Platja El Prat,https://www.elprat.cat/,https://webcams.windy.com/webcams/stream/1469599813,41.287690,2.105700,el Prat de Llobregat,Catalonia,Spain
1700054782,https://windy.com/webcams/1700054782,l'Escala › North-east: Plaça Puig Sec,https://raclus.net/webcams/prisco/2,,42.108260,3.153630,l'Escala,Catalonia,Spain
1615876985,https://windy.com/webcams/1615876985,l'Escala › North-east: Roca del Carret,https://raclus.net/webcams/prisco/1,,42.126810,3.131360,l'Escala,Catalonia,Spain
1663398872,https://windy.com/webcams/1663398872,l'Escala › North: Club Nàutic L'Escala,https://nauticescala.com/port-a-la-costa-brava/meteo/,,42.116920,3.146140,l'Escala,Catalonia,Spain
1668786166,https://windy.com/webcams/1668786166,A Coruña › North: Torre de Hercules - Playa del Orzán - Domus,https://www.crtvg.es/crtvg/camaras-web/a-coruna-fixa,,43.364090,-8.409270,A Coruña,Galicia,Spain
1280757387,https://windy.com/webcams/1280757387,A Coruña: Orzán Beach - Tower of Hercules,http://www.crtvg.es/crtvg/camaras-web/a-coruna-fixa,,43.364100,-8.409130,A Coruña,Galicia,Spain
1793900742,https://windy.com/webcams/1793900742,A Guarda › North-west: A Guarda Harbour - Monte de Santa Trega,https://camarasweb.g24.gal/camviewer/?_gl=1*133vrsa*_ga*NTUwMjkzNjQyLjE3NzI0NTgzOTM.*_ga_XERDZ6HDS7*czE3NzI0NTgzOTIkbzEkZzEkdDE3NzI0NTg0MDQkajUwJGwwJGgw&camera=WTdrRcAmEbmckgL6epWrPC,,41.898150,-8.875220,A Guarda,Galicia,Spain
1583741390,https://windy.com/webcams/1583741390,A Guarda › South-east: Clock tower,http://www.crtvg.es/crtvg/camaras-web/a-guarda,,41.888030,-8.871490,A Guarda,Galicia,Spain
1683292037,https://windy.com/webcams/1683292037,Ares,http://www.meteosurfcanarias.com/1-fly/fly.php?id=1752,http://webcams.windy.com/webcams/stream/1683292037,43.437500,-8.285600,Ares,Galicia,Spain
1344675159,https://windy.com/webcams/1344675159,Ares › South: Praia de Redes - Ría de Ares,http://www.caamouco.net/,,43.425730,-8.201660,Ares,Galicia,Spain
1793905753,https://windy.com/webcams/1793905753,Arteixo › South-west,https://www.meteogalicia.gal/web/observacion/camaras,,43.344410,-8.527620,Arteixo,Galicia,Spain
1664616557,https://windy.com/webcams/1664616557,Baiona: Parador de Baiona,http://www.crtvg.es/crtvg/camaras-web/baiona,http://webcams.windy.com/webcams/stream/1664616557,42.125240,-8.847340,Baiona,Galicia,Spain
1276183252,https://windy.com/webcams/1276183252,"Sanxenxo › North-west: Sculpture ""La Madama Silgar"" - Taxi Sanxenxo - Tomás Abril Beach",http://www.crtvg.es/crtvg/camaras-web/sanxenxo,,42.398840,-8.807090,Sanxenxo,Galicia,Spain
1302031812,https://windy.com/webcams/1302031812,Sanxenxo: Club Náutico Portonovo - Playa de Baltar,http://www.crtvg.es/crtvg/camaras-web/portonovo,,42.395910,-8.822300,Sanxenxo,Galicia,Spain
1401971916,https://windy.com/webcams/1401971916,Vigo › South: Praza América - Praza de América,http://camaras.vigo.org/webcam/cam.php?id=01,,42.221030,-8.732730,Vigo,Galicia,Spain
1276183701,https://windy.com/webcams/1276183701,Vigo: Piscina do Real Club Náutico de Vigo - Monumento a Jules Verne - Xardíns da Laxe - Estrela - Estación Marítima de Vigo,https://www.crtvg.es/crtvg/camaras-web/vigo-mobil,,42.240120,-8.725560,Vigo,Galicia,Spain
1517997680,https://windy.com/webcams/1517997680,Larraun: Gorriti,http://www.navarra.es/Templates/Navarra/Especificas/CamarasTrafico/CamaraTraficoHandler.ashx?Img=carreteras\PAGOZELAI_A_15_134_450.JPG,,43.058130,-1.957510,Larraun,Navarre,Spain
1620050139,https://windy.com/webcams/1620050139,San Javier: Pozo Aledo › South-east: Playa del Pudrimel - ZEPA Isla Grosa,https://webcam.lamanga.travel/,,37.767510,-0.747010,San Javier,Region of Murcia,Spain
1690719395,https://windy.com/webcams/1690719395,Alboraia › East: Platja d'Alboraya,https://www.comunitatvalenciana.com/es/valencia/alboraia-alboraya/webcams/alboraya-port-saplaya,,39.507360,-0.321780,Alboraia,Valencian Community,Spain
1793898672,https://windy.com/webcams/1793898672,Alboraia: Patacona beach,https://www.comunitatvalenciana.com/en/valencia/alboraia-alboraya/webcams/alboraya-la-patacona,http://webcams.windy.com/webcams/stream/1793898672,39.493510,-0.324760,Alboraia,Valencian Community,Spain
1643583057,https://windy.com/webcams/1643583057,Alicante › South-east: Platja del Postiguet,https://www.runekvinge.no/alicante/cam2.aspx,,38.346940,-0.479260,Alicante,Valencian Community,Spain
1607819789,https://windy.com/webcams/1607819789,Benicassim › South: Benicàssim Playa,https://www.avametnuvol.es/estacions/c05m028e04/webcamS.jpg,,40.034420,0.038890,Benicassim,Valencian Community,Spain
1626935971,https://windy.com/webcams/1626935971,Benicassim › South: Voramar,https://www.voramar.net/webcam-playa-voramar-benicassim/,,40.057490,0.084800,Benicassim,Valencian Community,Spain
1756483798,https://windy.com/webcams/1756483798,Benicassim › West: Playa De Benicasim,https://cam1.voramar.net:444/axis-cgi/mjpg/video.cgi,,40.056770,0.089260,Benicassim,Valencian Community,Spain
1349781016,https://windy.com/webcams/1349781016,Castelló de la Plana › East: Puerto Azahar - Faro del muelle de costa,https://www.comunitatvalenciana.com/en/castello-castellon/castello-de-la-plana/webcams/grao-de-castellon,,39.971260,0.013230,Castelló de la Plana,Valencian Community,Spain
1562931662,https://windy.com/webcams/1562931662,Elx › North-east: Platja de los Arenales del Sol,http://www.algarapictures.com/webcam,https://webcams.windy.com/webcams/stream/1562931662,38.249500,-0.517120,Elx,Valencian Community,Spain
1632177511,https://windy.com/webcams/1632177511,"Orpesa: Playa de la Concha, Oropesa - Cala d'Orpesa la Vella",https://www.comunitatvalenciana.com/es/castello-castellon/orpesa-oropesa-del-mar/webcams/oropesa-del-mar-1,,40.084320,0.141060,Orpesa,Valencian Community,Spain
1793892641,https://windy.com/webcams/1793892641,Paiporta › South-east: Rambla del Poyo,https://www.avametnuvol.es/estacions/c16m186e02/paiporta.jpg?nocatxe=[[date|U]],,39.429580,-0.419070,Paiporta,Valencian Community,Spain
1709454773,https://windy.com/webcams/1709454773,Peniscola,https://www.tamarindos.net/webcam/,https://webcams.windy.com/webcams/stream/1709454773,40.399140,0.415770,Peniscola,Valencian Community,Spain
1793905121,https://windy.com/webcams/1793905121,Vinaros: Platja del Fortí,https://www.comunitatvalenciana.com/es/castello-castellon/vinaros/webcams/vinaros-2,,40.468900,0.477880,Vinaros,Valencian Community,Spain
1349780414,https://windy.com/webcams/1349780414,el Campello › South-west: Platja de la Illeta - Platja del Carrer de la Mar,https://www.comunitatvalenciana.com/es/alacant-alicante/el-campello/webcams/el-campello-1,,38.429700,-0.385330,el Campello,Valencian Community,Spain
